Ha az osztály klubdélutánt rendezne, ki lenne a legalkalmasabb ennek megszervezésére?;2
Ha az osztály többnapos utazásra indulna, kivel utaznál szívesen egy fülkében?;1
Ki az az osztálytársaid közül, aki valamilyen területen (tudomány, művészet vagy egyéb) kiemelkedően tehetséges?;3
Ha az osztály döntőbíróságot alakítana kisebb fegyelmi ügyek megtárgyalására, kiket jelölnél a bíróság tagjaiul?;2
Osztálytársaid közül ki az, akivel érettségi után is szívesen barátkoznál?;1
Nehéz élethelyzetben, kínos ügyben kikhez fordulnál baráti segítségért az osztálytársaid közül?;1
Ha az osztályfőnök váratlan távolléte miatt a tanulók közül kellene őt valakinek helyettesítenie, ki lenne erre a legalkalmasabb?;2
Kivel töltenél szívesen egy vasárnapot az osztálytársaid közül?;1
Kik azok az osztálytársaid közül, akiknek a viselkedése sokaknak tetszik, akiknek a viselkedését sokan követik?;4
Egy diákparlamentben ki képviselné legjobban az osztályt társaid közül?;2
